val_f1,val_acc,threshold,epochs,splits
0.7553489333183386,0.7989058355437666,0.6500000000000001,150,stratified 80/20
