val_f1,val_acc,threshold,epochs,splits
0.9509001636661212,0.9666666388511658,0.5,136,default
