val_f1,val_acc,threshold,epochs,splits
0.9821958456973294,0.9816849816849816,0.5,34,provided
